name,url,employer,salary_from,salary_to,description
Биолог/микробиолог,https://novyi-urengoi.superjob.ru/vakansii/biolog-48546531.html,ФБУЗ Центр гигиены и эпидемиологии в ЯНАО,180000,0,"Обязанности:
• 
- Выполнение бактериологических анализов и составление по их результатам заключений;
- Освоение и внедрение новых методов лабораторных исследований, имеющих наибольшую аналитическую и диагностическую надёжность;
- Проведение лабораторно-инструментальных испытаний (исследований) и выдача промежуточных протоколов испытаний (исследований).
- Выполнение мероприятий по повышению качества исследований путём проведения систематического контроля качества;
- Контроль работы среднего и младшего персонала МБЛ в пределах своей компетенции;
- Планирование и анализ своей работы, качественное ведение медицинской документации, участие в подготовке отчётов о работе подразделения;
- Участие в составлении заявок на питательные среды, дезинфекционные препараты, реактивы, тест-системы, химреактивы и другие материалы, необходимые для производственной деятельности;
- Предоставление информации в положенные сроки (плановые и внеплановые) заведующему (начальнику) микробиологической лабораторией, а при необходимости информирование главного врача филиала Учреждения или его заместителя по разовым указаниям;
- Участие в повышении квалификации среднего и младшего медицинского персонала МБЛ;
- Контроль соблюдения средним и младшим медицинским персоналом МБЛ правил техники безопасности и охраны труда, санитарным и противопожарным состоянием подразделения;
- Повышение своей квалификации в установленном порядке.
- Соблюдение правил внутреннего распорядка Учреждения;
- Своевременно и качественно выполнение указаний заведующего (начальника) МБЛ, главного врача филиала Учреждения;
- Выполнение требований медицинской этики по отношению к окружающим.
Требования:
• 
Должность биолога предполагает наличие высшего профессионального образования (академическая квалификация: магистр или специалист) по специальности ""Биология"", ""Биохимия"", ""Биофизика"", ""Генетика"", ""Микробиология"", ""Фармация"" и дополнительное профессиональное образование в соответствии с направлением профессиональной деятельности без предъявления требований к стажу работы, способный по состоянию здоровья исполнять возложенные на него обязанности.
• Образование: Высшее
Условия:"
"Химик-эксперт, биолог, инженер-лаборант СГЛ",https://tarko-sale.superjob.ru/vakansii/himik-ekspert-46057450.html,ФБУЗ Центр гигиены и эпидемиологии в ЯНАО,160000,0,"Обязанности:
• Проведение лабораторных исследований в соответствии с профилем учреждения здравоохранения и лаборатории; организация рабочих мест для проведения лабораторных исследований; осуществление мероприятий по обеспечению и контролю качества лабораторных исследований на преаналитическом, аналитическом и постаналитическом этапах; освоение и внедрение новых методов лабораторных исследований и оборудования; ведение медицинской документации в установленном порядке; планирование и анализ результатов своей работы, подготовка отчета о своей работе; руководство работой среднего и младшего медицинского персонала; соблюдение принципов деонтологии.
• Осуществление качественного и количественного измерения (исследования) опасных и потенциально опасных для человека химических факторов окружающей природной, производственной и социальной среды и биологического материала. Осуществление подготовки образцов и проб материала для наиболее сложных исследований. Проведение испытания по выявлению потенциально опасных и вредных для человека свойств и качеств продукции производственного назначения, товаров народного потребления, химических и биологических соединений для осуществления гигиенической сертификации, гигиенической экспертизы, государственной регистрации веществ и продукции, товаров, материалов. Установление содержания опасных и потенциально опасных химических веществ и соединений в образцах и пробах материала с использованием современных технологий, измерительной и аналитической аппаратуры. Участие в проведении анализа результатов измерений (исследований) и подготавливает в установленном порядке заключение по результатам измерений (исследований) при проведении санитарно-эпидемиологических экспертиз, расследований, обследований, токсикологических, гигиенических и иных видов оценок, осуществление внутреннего и внешнего контроля качества измерений (исследований) и т.д.
Требования:
• Высшее профессиональное образование по специальности ""Химия"", ""Биохимия"", ""Фармация"" и дополнительная подготовка в соответствии с направлением профессиональной деятельности
• Высшее профессиональное образование (академическая квалификация: магистр или специалист) по специальности ""Биология"", ""Биохимия"", ""Биофизика"", ""Генетика"", ""Микробиология"", ""Фармация"" и дополнительное профессиональное образование в соответствии с направлением профессиональной деятельности
• Опыт работы от 3 лет"
Младший научный сотрудник (Исследователь),https://hh.ru/vacancy/92148971,ФГАОУ ВО Первый МГМУ им. И.М.Сеченова Минздрава России (Сеченовский Университет),150000,0,Опыт работы с клеточным материалом/биологическими образцами. Знания в области биохимии/биофизики/<highlighttext>биологии</highlighttext>/биомеханики/физики/химии/физической химии. 
Эксперт по медицинским изделиям IN VITRO,https://hh.ru/vacancy/92278427,ФГБУ Национальный институт качества Росздравнадзора,150000,0,"Высшее профессиональное образование (академическая квалификация: магистр или специалист) по специальности ""<highlighttext>Биология</highlighttext>"", ""Биохимия"", ""Биофизика"", ""Генетика"", ""Микробиология"", ""Фармация"", ""Химия"", ""Лабораторная диагностика"". "
"Химик, биолог, инженер, фармацевт СГЛ",https://gubkinskij.superjob.ru/vakansii/himik-48559719.html,ФБУЗ Центр гигиены и эпидемиологии в ЯНАО,140000,0,"Обязанности:
• 
Проведение лабораторных исследований в соответствии с профилем учреждения здравоохранения и лаборатории; организация рабочих мест для проведения лабораторных исследований; осуществление мероприятий по обеспечению и контролю качества лабораторных исследований на преаналитическом, аналитическом и постаналитическом этапах; освоение и внедрение новых методов лабораторных исследований и оборудования; ведение медицинской документации в установленном порядке; планирование и анализ результатов своей работы, подготовка отчета о своей работе; руководство работой среднего и младшего медицинского персонала; соблюдение принципов деонтологии.
Осуществление качественного и количественного измерения (исследования) опасных и потенциально опасных для человека химических факторов окружающей природной, производственной и социальной среды и биологического материала. Осуществление подготовки образцов и проб материала для наиболее сложных исследований. Проведение испытания по выявлению потенциально опасных и вредных для человека свойств и качеств продукции производственного назначения, товаров народного потребления, химических и биологических соединений для осуществления гигиенической сертификации, гигиенической экспертизы, государственной регистрации веществ и продукции, товаров, материалов. Установление содержания опасных и потенциально опасных химических веществ и соединений в образцах и пробах материала с использованием современных технологий, измерительной и аналитической аппаратуры. Участие в проведении анализа результатов измерений (исследований) и подготавливает в установленном порядке заключение по результатам измерений (исследований) при проведении санитарно-эпидемиологических экспертиз, расследований, обследований, токсикологических, гигиенических и иных видов оценок, осуществление внутреннего и внешнего контроля качества измерений (исследований) и т.д.
Требования:
• 
Высшее профессиональное образование по специальности ""Химия"", ""Биохимия"", ""Фармация"" и дополнительная подготовка в соответствии с направлением профессиональной деятельности
Высшее профессиональное образование (академическая квалификация: магистр или специалист) по специальности ""Биология"", ""Биохимия"", ""Биофизика"", ""Генетика"", ""Микробиология"", ""Фармация"" и дополнительное профессиональное образование в соответствии с направлением профессиональной деятельности
• Опыт работы от 1 года
• Образование: Высшее
Условия:"
Научный аналитик,https://hh.ru/vacancy/91946314,Вызов,130000,180000,"Широкие знания в одной или нескольких областях науки (физика, химия, <highlighttext>биология</highlighttext>, математика и т.д.). Умение работать с большим объемом..."
Контент-менеджер,https://hh.ru/vacancy/88769915,ФГБУ НЦЭСМП Минздрава России,130000,0,"Релевантный опыт работы от 3 лет (желательно в фармкомпаниях или иных организациях в сфере здравоохранения). Опыт написания статей, релизов, новостных..."
Биолог,https://hh.ru/vacancy/92276156,ИНВИТРО,121000,0,"Высшее образование - специалитет или магистратура по одной из специальностей: ""<highlighttext>Биология</highlighttext>"", ""Физиология"", ""Биохимия"", ""Биофизика"", ""Генетика"", ""Микробиология"". Дополнительное профессиональное образование - программы повышения..."
Врач клинической лабораторной диагностики,https://hh.ru/vacancy/92276002,ИНВИТРО,121000,0,"Высшее образование - специалитет по одной из специальностей: ""Лечебное дело"", ""Педиатрия"", ""Стоматология"", ""Медико-профилактическое дело"", ""Медицинская биохимия"", ""Фармация"" и подготовка в..."
Химик-эксперт,https://hh.ru/vacancy/91351870,ФБУЗ Центр гигиены и эпидемиологии в ЯНАО,120000,140000,"Высшее профессиональное образование (академическая квалификация: магистр или специалист) по специальности ""<highlighttext>Биология</highlighttext>"", ""Биохимия"", ""Биофизика"", ""Генетика"", ""Микробиология"", ""Фармация"" и дополнительное профессиональное образование..."
Специалист,https://hh.ru/vacancy/91811991,Экоскай,120000,0,Высшее профессиональное образование по специальности «Экология» / «Охрана окружающей среды» / «<highlighttext>Биология</highlighttext>» / «Химия» / «География» / «Природопользование». Опыт работы в области охраны окружающей среды...
Учитель биологии,https://hh.ru/vacancy/90657033,ГБОУ Школа №667,115000,125000,"Умение интересно и творчески подходить к проведению уроков. Интеллигентность, инициативность, любовь и открытость к детям. Умение нестандартно проводить уроки, приближать..."
Медицинский логопед,https://hh.ru/vacancy/92180952,ФМБЦ им. А.И.Бурназяна ФМБА России,100000,0,"Высшее образование по одной из специальностей или одному из направлений подготовки: ""<highlighttext>Биология</highlighttext>"", ""Клиническая психология"", ""Педагогическое образование"", ""Психология"", ""Психолого-педагогическое образование..."
Молекулярный биолог,https://hh.ru/vacancy/92068402,ФГБНУ НИИПЗК,100000,0,"Уверенное владение методами экспериментальной работы в области молекулярной <highlighttext>биологии</highlighttext> и генной инженерии: Выделение ДНК, РНК. Дизайн праймеров. Проведение реакции обратной..."
"Преподаватель биологии, химии, географии",https://www.superjob.ru/vakansii/prepodavatel-biologii-48553894.html,ГАПОУ ПК № 8 им. И. Ф. Павлова,100000,0,"Обязанности:
• 
ведение занятий на высоком профессиональном уровне в соответствии с требованиями ФГОС по дисциплинам:
 
Химия
 
Биология
 
География
 
Индивидуальный проект
 
• прохождение независимого тренинга в формате ЕГЭ
 
• подготовка обучающихся к олимпиадам и конкурсной деятельности
 
• работа с учебно-отчетной документацией (разработка рабочих программ, разработка календарно-тематического планирования, контрольно-оценочных средств)
 
• регулярное повышение квалификации
 
Требования:
• 
Высшее профессиональное образование, соответствующее профилю преподаваемой специальности.
• 
Опыт работы: 
От 3 лет
Условия:
• Оформление по ТК РФ
• График работы 6/1
• Профсоюз
• Стабильная заработная плата"
Учитель биологии,https://www.superjob.ru/vakansii/uchitel-biologii-48373837.html,Школа №45 имени Л. И. Мильграма,100000,0,"Обязанности:
• Подготовка и проведение учебных занятий по биологии в 5 - 11 классах классах
• Контроль знаний, умений и навыков
• Организация внеурочной деятельности учащихся
• Классное руководство
Требования:
• Знание ФГОС ООО, ФГОС СОО
• Опыт подготовки к ОГЭ, ЕГЭ, Всероссийской олимпиаде школьников
• Наличие первой или высшей категории
• Компьютерная грамотность, умение вести документацию в электронном виде
• Опыт организации внеурочной деятельности, творческих мероприятий
• Наличие свидетельства МЦКО о прохождении ознакомительного тренинга в формате ЕГЭ обязательно
Условия:
• Постоянная, полный день, работа на территории работодателя
• Оформление, отпуск, больничный и пр. по ТК РФ
• Корпоративное обучение и тренинги
• Возможность профессионального и карьерного роста"
Консультант по закупкам (без размещения),https://hh.ru/vacancy/92142862,ФГБУ НЦЭСМП Минздрава России,94000,0,"Образование: высшее. Знание 44-ФЗ, 223-ФЗ. Стаж работы в гос. закупках не менее 3х лет. Документ об обучении..."
Рабочий по уходу за животными,https://hh.ru/vacancy/91957939,Артель старателей Витим,90000,0,Специальное образование. Стаж работы от 1-3х лет.
Химик-аналитик (хроматографист),https://hh.ru/vacancy/90761958,Электронтест,90000,110000,"умение работать с химическими реактивами, прекурсорами. - образование высшее (химия, <highlighttext>биология</highlighttext>, медицина) или среднее техническое (соответствующее). - умение работать с нормативной документацией..."
Учитель биологии и химии,https://www.superjob.ru/vakansii/uchitel-biologii-i-himii-47224682.html,"ГБОУ ""Школа №2100""",89000,0,"Обязанности:
• Преподавание биологии и химии в соответствии с ФГОС.
• Обеспечение динамики качества знаний обучающихся по данным предметам.
• Подготовка обучающихся к государственной итоговой аттестации (ОГЭ и ЕГЭ) и независимым диагностикам знаний.
• Организация внеурочной деятельности по предмету (проектная деятельность, подготовка учащихся к конкурсам и олимпиадам и т. д.), организация деятельности обучающихся в творческих объединениях (кружках) предметной направленности.
• Активное участие в деятельности предметного сообщества учителей.
• Разработка дидактических материалов в Московской электронной школе.
Требования:
• Высшее образование по направлению подготовки ""Образование и педагогика"" или в области, соответствующей преподаваемому предмету.
• Высокий уровень предметных академических знаний.
• Знание законодательных и нормативных правовых актов в сфере образования (273-ФЗ, ФГОС и пр.)
• Наличие пройденной независимой диагностики в формате ЕГЭ или готовность пройти такую диагностику.
• Опыт работы с ЭЖД и МЭШ является преимуществом.
• Высокий уровень владения ИКТ.
• Грамотная письменная и устная речь.
• Инициативность, коммуникабельность, энергичность.
• Наличие медицинской книжки, справки об отсутствии судимости, сертификата о вакцинации АДСМ, ЖКВ, Гепатит В.
Условия:
• Работа в современной, динамично развивающейся Московской школе, состоящей из нескольких корпусов.
• Пятидневная учебная неделя (возможна периодическая занятость в выходные дни).
• Рассматриваются только кандидаты, предварительно приславшие резюме.
• В рамках собеседования Вам будут предложены задания, которые необходимо будет решить."
Начальник управления - государственный инспектор в области охраны окружающей среды,https://hh.ru/vacancy/91969581,Институт управления Правительства Ямало-Ненецкого автономного округа,88026,134578,"Высшее образование по направлениям подготовки (специальностям) ""Зоотехния"", ""<highlighttext>Биология</highlighttext>"", ""Экология и природопользования"", ""Ветеринария"", ""<highlighttext>Биология</highlighttext>"", ""Инженерная защита окружающей среды"", ""Защита окружающей среды..."
Начальник управления - государственный инспектор в области охраны окружающей среды,https://hh.ru/vacancy/91969576,Институт управления Правительства Ямало-Ненецкого автономного округа,88026,134578,"Высшее образование по направлениям подготовки (специальностям) ""Зоотехния"", ""<highlighttext>Биология</highlighttext>"", ""Экология и природопользования"", ""Ветеринария"", ""<highlighttext>Биология</highlighttext>"", ""Инженерная защита окружающей среды"", ""Защита окружающей среды..."
Специалист по отбору проб (лаборант \ инженер-эколог),https://hh.ru/vacancy/91807450,Экологический Исследовательский Центр,85000,0,"Высшее (среднее-специальное) образование по направлениям <highlighttext>биология</highlighttext>, микробиология, химия, экология. Опыт работы в аккредитованной лаборатории в аналогичной должности приветствуется. "
Учитель биологии,https://www.superjob.ru/vakansii/uchitel-biologii-32399525.html,ГБОУ Школа № 1195,85000,0,"Обязанности:
Проведение уроков биология - 7-9 кл., проведений занятия в соответствии с ФГОС, подготовка к ГИА, кружки, работа с электронным журналом, работа в МЭШ.
Требования:
Знание нормативных документов в сфере образования, знание ФГОС; владение ПК; активная профессиональная и жизненная позиция, МЦКО - высокий.
Условия:
В соответствии с ТК РФ."
Учитель географии и биологии,https://www.superjob.ru/vakansii/uchitel-geografii-i-biologii-34312018.html,"ГБОУ ""Школа на Яузе""",84000,0,"Обязанности:
 1. Осуществляет обучение и воспитание обучающихся с учетом их психолого-физиологических особенностей и специфики преподаваемых предметов, способствует формированию общей культуры личности, социализации, осознанного выбора и освоения образовательных программ, используя разнообразные формы, приемы, методы и средства обучения, в том числе по индивидуальным учебным планам, ускоренным курсам в рамках ФГОС, современные образовательные технологии, включая информационные, а также цифровые образовательные ресурсы.
2. Проводит учебные занятия, опираясь на достижения в области педагогической и психологической науки, возрастной психологии и школьной гигиены, а также современных информационных технологий и методик обучения.
3. Планирует и осуществляет учебный процесс в соответствии с образовательной программой учреждения, разрабатывает рабочие программы по предметам, курсам на основе примерных основных общеобразовательных программ и обеспечивает их выполнение, организуя и поддерживая разнообразные виды деятельности обучающихся, ориентируясь на личность обучающегося, развитие его мотивации, познавательных интересов, способностей, организует самостоятельную деятельность обучающихся, в том числе исследовательскую, реализует проблемное обучение, осуществляет связь обучения по предмету (курсу, программе) с практикой, обсуждает с обучающимися актуальные события современности.
4. Обеспечивает достижение и подтверждение обучающимися уровня основного и среднего общего образования. Обеспечивает уровень подготовки обучающихся, соответствующий требованиям ФГОС.
5. Оценивает эффективность и результаты обучения обучающихся по предметам (курсам, программам), учитывая освоение знаний, овладение умениями, развитие опыта творческой деятельности, познавательного интереса обучающихся, используя компьютерные технологии, в т. ч. текстовые редакторы и электронные таблицы в своей деятельности.
6. Соблюдает права и свободы обучающихся, поддерживает учебную дисциплину, режим посещения занятий, уважая человеческое достоинство, честь и репутацию обучающихся.
7. Осуществляет контрольно-оценочную деятельность в образовательном процессе на основе локальных нормативно-правовых актов образовательного учреждения с использованием современных способов оценивания в условиях информационно-коммуникационных технологий (ведение электронных форм документации, в том числе электронного журнала и дневников обучающихся).
8. Составляет тематические планы работы по учебным предметам и внеучебной (внеурочной) деятельности на учебный триместр (полугодие, год) и рабочий план на каждый урок и занятие.
9. Контролирует наличие у обучающихся тетрадей по учебным предметам, соблюдение установленного в школе порядка их оформления, ведения, соблюдение единого орфографического режима.
10. Соблюдает установленный порядок проверки рабочих тетрадей обучающихся, установленные учебными программами количество и порядок проведения диагностических и контрольных работ, проектных работ, экскурсий и т. п.
11. Обеспечивает включение обучающихся в различные формы внеурочной деятельности.
12. Обеспечивает охрану жизни и здоровья обучающихся во время образовательного процесса. Выполняет правила по охране труда и пожарной безопасности.
13. Осуществляет связь с родителями (законными представителями). Преподавание биологии. Участие в конкурсах и проектах. 
Требования:
• уровень прохождения диагностики - экспертный;
• эксперт МЦКО;

• высокие результаты ГИА
• опыт работы в профильных 10, 11 классах (""Медицинский класс в Московской школе"")

• победители и призеры ВСОШ, МОШ, олимпиады по генетике, научно-практических конференций (""Старт в медицину"", ""Народная аптека""), конкурса городских проектов (МГКП) и т.д.
• Условия:
• Полная занятость, внеурочная деятельность, дополнительное образование. Полный социальный пакет, стимулирующие выплаты по результатам деятельности, отпуск 56 календарных дней. Испытательный срок 3 месяца. Достойная заработная плата."
Биолог (врач КЛД),https://hh.ru/vacancy/92031330,Москвариум,82500,82500,"Высшее медицинское(ветеринарное/ биологическое) образование. Опыт работы в цитологической лаборатории от 1 года. Владение цитологическими методами исследования, техникой изготовления препаратов. "
Специалист по регистрации лекарственных средств 2 категории,https://hh.ru/vacancy/91993119,ФГБУ НЦЭСМП Минздрава России,80000,0,Высшее фармацевтическое или медицинское образование. Опыт работы по специальности от 3 лет. Навык работы с утвержденной Минздравом РФ документацией (61...
Лаборант КДЛ / Лаборант генетик / Биолог КДЛ,https://hh.ru/vacancy/91658852,"ПСПбГМУ им. И.П.Павлова, Лаборатория диагностики аутоиммунных заболеваний",80000,0,"Среднее медицинское или высшее биологическое (биофизическое) образование (наличие действующего сертификата КЛД будет вашим преимуществом). Опыт выполнения генетических исследований: ПЦР, ПЦР..."
Администратор,https://hh.ru/vacancy/91811901,Экоскай,80000,0,Высшее профессиональное образование по специальности «Экология» / «Охрана окружающей среды» / «<highlighttext>Биология</highlighttext>» / «Химия» / «География» / «Природопользование». Опыт работы в области охраны окружающей среды...
Лаборант-разработчик геномной лаборатории,https://hh.ru/vacancy/92247977,НПП Биосфера,80000,0,"Профильное образование: молекулярная <highlighttext>биология</highlighttext>, микробиология, химия, биотехнология. Практический опыт работы в лаборатории, в том числе пробоподготовки для NGS и выделения..."
Научный сотрудник/секретарь по связям с общественностью,https://hh.ru/vacancy/91638693,Азбурханова Гузалия Римовна,75000,100000,"Имеет высшее образование, желательно в области естественных наук (медицина, геология, <highlighttext>биология</highlighttext>, физика, математика, химия, технические науки). Обладает системным мышлением, способен..."
Вирусолог (фармпроизводство),https://hh.ru/vacancy/92194852,"ФЕРОН, Компания",70000,0,"Высшее профильное образование (биологическое / микробиолог/ биохимик/ <highlighttext>биолог</highlighttext> / вирусолог ). Организованность, коммуникабельность и желание работать. Владение персональным компьютером (уверенный пользователь) –Word, Excel..."
Управляющий личными делами,https://hh.ru/vacancy/91346802,KOROLKOVA Cosmetics,70000,70000,"Личные качества: ответственность, высокий уровень самоорганизации, умение работать в режиме многозадачности. Строгое соблюдение конфиденциальности. Грамотная устная и письменная речь."
Редактор по русскому языку,https://hh.ru/vacancy/92022016,Мнемозина,70000,75000,"Опыт построения и редактирования учебных текстов – учебная литература для учебных заведений. Владение техникой редактирования и оценки рукописей, иллюстративного материала, знание..."
Биолог,https://hh.ru/vacancy/92142018,ГАУ РО Областной консультативно-диагностический центр,65000,70000,"Высшее профессиональное образование (магистр или специалист) по специальности ""<highlighttext>Биология</highlighttext>"", ""Биохимия"", ""Биофизика"", ""Генетика"", ""Микробиология"", и свидетельство об аккредитации по специальности «Специалист..."
Помощник логиста,https://hh.ru/vacancy/92273362,Биолабмикс,60000,80000,"Уверенный пользователь ПК. Ответственность, внимательность, быстрая обучаемость. Опыт работы в 1с и Битрикс 24 будет преимуществом. Активность, умение быстро..."
Биолог (ООИ),https://hh.ru/vacancy/92019934,ФБУЗ Центр гигиены и эпидемиологии в Тульской области,60000,60000,"...образование по одному из направлений подготовки: ""<highlighttext>Биология</highlighttext>"", ""Биотехнология"", или высшее образование по направлению подготовки ""<highlighttext>Биология</highlighttext>"" (уровень магистратуры) и одной из..."
Биолог (врач клинической лабораторной диагностики),https://hh.ru/vacancy/91386627,ПолиКлиника Отрадное,60000,65000,"Аккуратность, пунктуальность, профессионализм."
Учитель биологии,https://spb.superjob.ru/vakansii/uchitel-biologii-39535259.html,Средняя школа №152,60000,80000,"Обязанности:
- преподавание учебного предмета "" биология"" в 5-11 классах ( в соответствии с нагрузкой), проведение занятий по внеурочной деятельности в соответствии с требованиями ФГОС





Требования:
• опыт работы не менее 3 лет для учителя ( наличие первой или высшей квалификационной категорий)

• рассматриваются только граждане РФ, в приоритете жители Санкт-Петербурга или Ленинградской области ( пригороды)

• обладание такими качествами : профессионализм, честность, высокая работоспособность, преданность делу ( команде) , отсутствие вредных привычек.
• резюме направлять только с фотографией на указанную почту и полным описанием достижений в педагогической деятельности 

Условия:
• достойная заработная плата, полный социальный пакет

• дружный коллектив
• отличный карьерный рост при соблюдении требований, предъявляемых выше."
Биолог клинико-диагностической лаборатории,https://udachnyj.superjob.ru/vakansii/biolog-kliniko-diagnosticheskoj-laboratorii-46569248.html,ГБУ РС (Я) Айхальская городская больница,60000,0,"Обязанности:
• Проводит лабораторные исследования в соответствии с профилем учреждения здравоохранения и лаборатории.
• Осваивает и внедряет новые методы лабораторных исследований и оборудования.
• Организует рабочее место для проведения лабораторных исследований.
• Осуществляет мероприятия по проведению внутрилабораторного контроля качества исследований.
• Готовит ежемесячные отчеты о своей работе, участвует в составлении годового отчета лаборатории. 
• Ведет медицинскую документацию в установленном порядке.
Требования:
• Наличие высшего образования по специальности «Биология», сертификат по специальности «Биология».
Условия:
• Предприятие располагается на территории района Крайнего Севера. В учреждении 2 подразделения, которые находятся в пгт.Айхал и гор.Удачный.
• Компенсируем расходы на оплату стоимости проезда, связанные с переездом к новому месту работы.
• Право на очередной отпуск наступает через полгода, раз в два года оплачивается проезд к месту использования отпуска и обратно, включая иждивенцев, за счет средств работодателя. Ежегодный отпуск 28 календарных дней+ 24 календарных дня за работу в РКС.

• Предоставляется служебное жилье.
• Если Вас заинтересовало наше предложение, то приглашаем Вас на собеседование. Пожалуйста перезвоните или напишите нам, что бы задать интересующие Вас вопросы."
Учитель химии и биологии,https://yakutsk.superjob.ru/vakansii/uchitel-himii-i-biologii-47357562.html,МБОУ ГИМНАЗИЯ П. Н. КУРАНАХ,60000,80000,"Обязанности:
• преподавание биологии;
• заполнение журнала;
• подготовка материалов к занятию;"
Биолог,https://spb.superjob.ru/vakansii/biolog-48278931.html,"ФГБУ ""Национальный медицинский исследовательский центр им. В. А. Алмазова"" Минздрава России",60000,0,"Обязанности:
• проведение иммуногистохимических (ИГХ)-исследований;
• проведение и анализ FISH-исследований;
• проведение и анализ ПЦР-исследований (ПЦР в реальном времени на образцах зафиксированных в формалине и помещенных в парафин (FFPE));
• выделение ДНК и РНК из FFPE образцов;
• отработка и внедрение новых методов гистологического окрашивания, молекулярно-генетических исследований;
• ведение отчётности;
• овладение гистологической техникой.
Требования:
• высшее образование - специалитет по специальности ""Фармация"", высшее образование по одному из направлений подготовки: ""Биология"", ""Биотехнология"", или высшее образование по направлению подготовки ""Биология"" (уровень магистратуры) и одной из образовательных программ (профилей, направлений): ""Биотехнология"", ""Биофизика"", ""Биохимия"", ""Генетика"", ""Микробиология"", ""Молекулярная биология"", ""Физиология""
• профессиональная переподготовка по направлению профессиональной деятельности в объеме не менее 450 часов;
• наличие аккредитации по должности Биолог;
• опыт работы от 1 года.
Условия:
• м. Пл. Мужества;
• график работы с 9-00 до 17-30 (5/2);
• заработная плата 60000 р;
• оформление по ТК РФ;
• корпоративные скидки на медицинское обслуживание."
Учитель химии и биологии,https://blagoveshensk.superjob.ru/vakansii/uchitel-himii-i-biologii-47357563.html,МБОУ ГИМНАЗИЯ П. Н. КУРАНАХ,60000,80000,"Обязанности:
• преподавание биологии;
• заполнение журнала;
• подготовка материалов к занятию;"
Учитель химии и биологии,https://nsk.superjob.ru/vakansii/uchitel-himii-i-biologii-47357564.html,МБОУ ГИМНАЗИЯ П. Н. КУРАНАХ,60000,80000,"Обязанности:
• преподавание биологии;
• заполнение журнала;
• подготовка материалов к занятию;"
Учитель химии и биологии,https://irkutsk.superjob.ru/vakansii/uchitel-himii-i-biologii-47357565.html,МБОУ ГИМНАЗИЯ П. Н. КУРАНАХ,60000,80000,"Обязанности:
• преподавание биологии;
• заполнение журнала;
• подготовка материалов к занятию;"
Доцент кафедры клеточной биологии и гистологии,https://spb.superjob.ru/vakansii/docent-kafedry-kletochnoj-biologii-i-gistologii-48108220.html,"ФГБУ ""Национальный медицинский исследовательский центр им. В. А. Алмазова"" Минздрава России",56000,0,"Обязанности:
• проведение учебной работы (лекций, практических занятий, промежуточной аттестации)
• по программе высшего медицинского образования - специалитет - лечебное дело (профиль - биология человека, гистология, цитология, эмбриология);
• магистратура (профиль - клеточная и молекулярная биология);
• аспирантура (профиль - клеточная биология);
• участие в научно-исследовательской работе с подготовкой публикаций по научным направлениям кафедры;
• участие в разработке методических пособий по видам проводимых учебных занятий и учебной работе.
Требования:
• высшее профессиональное образование (медицинское или биологическое);
• стаж работы в образовательном учреждении не менее 3 лет;
• ученая степень кандидата медицинских/биологических наук.
Условия:
• вакансия на конкурсной основе;
• территориально: КУРОРТНЫЙ РАЙОН, п. СОЛНЕЧНОЕ (есть корпоративная развозка от ст.м. Пионерская, Комендантский пр, Удельная, Беговая, Проспект Просвещения);
• график работы: 6 дней в неделю/ 27 часов, 0,75 ставки;
• заработная плата 56000 р;
• оформление согласно ТК РФ;
• корпоративное медицинское обслуживание в Центре Алмазова."
Микробиолог,https://hh.ru/vacancy/92104696,Красноярский филиал ФГБУ ИМЦЭУАОСМП Росздравнадзора,55000,69000,"На должность микробиолога назначается специалист, имеющий высшее профессиональное образование (биологическое, биохимическое, медицинское). <highlighttext>Биолог</highlighttext>, магистр, бакалавр по специальности ""<highlighttext>биология</highlighttext>"", направление подготовки..."
Биолог (эмбриолог),https://hh.ru/vacancy/91928665,Клиника Нуриевых,55000,0,"Высшее биологическое образование (биохимия, микробиология). Уверенный пользователь."
Главный специалист Новоуренгойского отдела государственного контроля (надзора),https://hh.ru/vacancy/91969844,Институт управления Правительства Ямало-Ненецкого автономного округа,51709,109293,"...Гидрометеорология», «Прикладная гидрометеорология», «Экология и природопользование», «<highlighttext>Биология</highlighttext>», «Биоинженерия и биоинформатика», «Фундаментальная и прикладная <highlighttext>биология</highlighttext>», «Почвоведение», «Химическая технология», «Химическая технология энергонасыщенных..."
Биолог,https://hh.ru/vacancy/92124252,ГАУЗ НО Научно-Исследовательский Институт Клинической Онкологии Нижегородский Областной Клинический Онкологический Диспансер,50000,75000,"Образование: Высшее – биологическое (специалитет/магистратура), кафедра молекулярной <highlighttext>биологии</highlighttext>/ биохимии/биофизик. Профессиональные качества: Нацеленность на результат, инициативность, аккуратность. Личные качества: Ответственность..."
"Специалист по работе с животными (Стажёр) в Центр океанографии и морской биологии ""Москвариум""",https://hh.ru/vacancy/92190127,Москвариум,50000,50000,"Умение плавать ПРОФЕССИОНАЛЬНО (наличие разряда по плаванию). Ответственность, терпеливость, высокая работоспособность, стрессоустойчивость. Любовь к животным. Биологическое образование приветствуется."
Биолог / Лаборант-бактериолог в бактериологический отдел,https://hh.ru/vacancy/92141163,Уральская комплексная лаборатория промышленного и гражданского строительства,50000,0,Образование высшее и/или среднее специальное медицинское. Опыт работы в лаборатории со стажем 3 и более лет. Преимущество - наличие сертификата...
Ассистент лаборатории биотехнологических препаратов,https://hh.ru/vacancy/91293499,Экзактэ Лабс,50000,0,"Ответственность и внимательность к деталям. -Высшее образование желательно в области химии, <highlighttext>биологии</highlighttext>, фармацевтики. -Знание делового письма, этикета. -Способность работать в..."
Менеджер по продажам,https://hh.ru/vacancy/91690549,Уфимская Химическая Компания,50000,0,"у тебя активная жизненная позиция. - имеешь высшее образование по профилю химия, <highlighttext>биология</highlighttext>, мед, фармация, экология и тд. Приходи к нам..."
Учитель биологии,https://spb.superjob.ru/vakansii/uchitel-biologii-31008487.html,ГБОУ Гимназия № 528,50000,0,"Обязанности:

Осуществляет обучение и воспитание обучающихся с учетом специфики преподаваемого предмета, проводит уроки и другие занятия в соответствии с расписанием в указанных помещениях. Составляет тематический план работы по предмету в каждой параллели классов на учебную четверть и рабочий план на каждый урок. В своей работе по предмету использует разнообразные приемы, методы и средства обучения. Реализует образовательные программы. Может переставлять по своему усмотрению темы уроков в отдельных разделах программы. Проводит с учащимися установленное учебным планом количество контрольных и практических работ, а также необходимые учебные экскурсии.

Требования:

Высшее профессиональное образованию по профилю ""Биология"".

Условия:

Испытательный срок 3 месяца. Нагрузка от 18 часов."
Учитель биологии с нового учебного года,https://lyubertsy.superjob.ru/vakansii/uchitel-biologii-s-novogo-uchebnogo-goda-44380006.html,"МОУ ""ЛИЦЕЙ № 15""",50000,0,"Обязанности:
• преподавание биологии;
• заполнение журнала;
• подготовка материалов к занятию;
Условия:
• Полный рабочий день, полный социальный пакет"
Младший методист по биологии,https://spb.superjob.ru/vakansii/mladshij-metodist-po-biologii-48482145.html,Онлайн-Школа №1,50000,0,"""Онлайн-школа 1"" - самая крупная онлайн-школа России, проводящая онлайн-занятия в формате конференций для школьников. Мы не образовательный сервис, мы - полноценная школа для учеников с 1 по 11 класс.
Каждый год мы растем более, чем в два раза. Это означает, что нам нужен еще один сильный сотрудник в методический отдел, являющийся профессионалом своего дела и искренне любящий свою работу.
Чем вам предстоит заниматься:
• Оказывать помощь старшему методисту по биологии: составление и проверка материалов, контрольных работ;
• Оказывать помощь преподавателям: замещение болеющих учителей, проверка домашних заданий и контрольных работ учеников;
• Осуществлять контроль преподавателей: обучение, контроль за качеством проводимых занятий, контроль выполнения стандартов учебного процесса;
• Взаимодействовать по вопросам учебного процесса со смежными отделами;
• Выполнять дополнительные поручения руководителя.
Мы ищем/ждем педагога, который:
• 
Имеет опыт работы учителем или методистом по биологии от 3 лет;
• 
Имеет высшее педагогическое образование по направлению ""Учитель биологии"";
• 
Уверенно пользуется ПК, умеет работать в Zoom, Skype, Google-документах, PowerPoint;
• 
Имеет опыт преподавания в формате онлайн.
Мы предлагаем:
• 
Удаленный формат работы;
• 
Оформление по ТК РФ, испытательный срок 3 месяца;
• 
График работы: с 9:00 до 17:00 по московскому времени, с понедельника по пятницу;
• 
Оклад 50 000 руб. на руки;
• 
Работу в современной образовательной сфере;
• 
Поддержку вашего развития со стороны руководителя и коллег: мы заинтересованы, чтобы вы были успешны в работе, потому что ваш успех делает успешной компанию!
Чтобы начать сотрудничество с нашей школой необходимо:
• Пройти тестирование на знание предмета;
• Пройти онлайн-интервью с hr-менеджером;
• Провести открытый урок продолжительностью 45 минут по заданной теме;
• Выполнить тестовое задание;
• Пройти онлайн-интервью с руководителем учебного отдела."
Биолог,https://nn.superjob.ru/vakansii/biolog-48539101.html,ГАУЗ НО НИИКО НОКОД,50000,75000,"Обязанности:
• Выделение ДНК/РНК из различного биологического материала
• Проведение FISH-исследований
• Постановка и анализ данных ПЦР-РВ
• Подготовка ДНК для секвенирования по Сэнгеру/фрагментный анализ
• Подготовка ДНК/РНК библиотек для NGS
• Анализ данных NGS
• Выдача заключений по результатам молекулярно-генетического исследования
• Научная деятельность (публикации/доклады на НПК)
Требования:
• Образование: Высшее – биологическое (специалитет/магистратура), кафедра молекулярной биологии/ биохимии/биофизик.
• Профессиональные качества: Нацеленность на результат, инициативность, аккуратность.
• Личные качества: Ответственность, исполнительность, доброжелательность.
• Профессиональные навыки: уверенный пользователь ПК, знания и опыт работы с ПЦР, приветствуется навык подготовки ДНК библиотек для секвенирования.
Условия:
• Режим работы с 8.00 – 15.12
• Испытательный срок ____3 мес___
• Адрес места работы: г. Н.Новгород, ул.Родионова д.190 В, лабораторный корпус"
Учитель биологии,https://spb.superjob.ru/vakansii/uchitel-biologii-48372626.html,ГБОУ СОШ № 312,50000,0,"Обязанности:
• Преподавание биологии в 5-11 классах, подготовка к ОГЭ и ЕГЭ, олимпиадам, руководство проектной деятельностью.
• Классное руководство"
Специалист по уходу за растениями / Фитодизайнер/Фитопатолог,https://hh.ru/vacancy/91953684,Ваззон,45000,60000,"Возьмем в команду НА ПОЛНУЮ СТАВКУ активного, ответственного, пунктуального и трудолюбивого <highlighttext>биолога</highlighttext>, которого не испугать разъездами по объектам, и наличием..."
Биолог,https://hh.ru/vacancy/92057365,Мать И Дитя ИДК,45000,0,"Высшее биологическое образование (специалитет или магистратура по специальности ""<highlighttext>Биолог</highlighttext>""). Действующая аккредитация по специальности ""Клиническая лабораторная диагностика"". Опыт работы в подобной..."
Администратор сада бабочек,https://hh.ru/vacancy/91250575,Райский сад,45000,55000,"Пунктуальность, ответственность. Умение общаться с детьми. Опыт продаж приветствуется. Любовь к животному миру. Трудолюбие. Образование флориста или <highlighttext>биолога</highlighttext> будет вашим..."
Инженер I категории,https://hh.ru/vacancy/92057615,Филиал ФБУ Российский центр защиты леса центр защиты леса Хабаровского края,45000,0,Профессия: Инженер.
Биолог,https://kurgan.superjob.ru/vakansii/biolog-45959932.html,КОПТД,45000,0,"Обязанности:
• Проводит клинические и санитарно-гигиенические исследования по своему разделу работы в соответствии с профилем лаборатории с использованием современных технологий, измерительной и аналитической аппаратуры.
• Готовит необходимые реактивы, обрабатывает биологический материал для исследования.
• Осваивает и внедряет новые методы лабораторных исследований, имеющих наибольшую аналитическую и диагностическую достоверность.
• Анализирует результаты проведенных исследований, регистрирует их, ведет необходимую учетно-отчетную документацию.
• Осуществляет внутрилабораторный и внешний контроль качества исследований.
Требования:
• Высшее образование - специалитет или магистратура по одной из специальностей: ""Биология"", ""Физиология"", ""Биохимия"", ""Биофизика"", ""Генетика"", ""Микробиология"" Химик-эксперт медицинской организации: высшее образование - специалитет или магистратура по одной из специальностей: ""Биология"", ""Химия"", ""Фармация"" Удостоверение о повышении квалификации для биологов и (или) свидетельство об аккредитации специалиста 
• Прохождение обязательных предварительных (при поступлении на работу) и периодических медицинских осмотров (обследований), а также внеочередных медицинских осмотров (обследований) в порядке, установленном законодательством Российской Федерации 
• Отсутствие ограничений на занятие профессиональной деятельностью, установленных законодательством Российской Федерации"
Биолог,https://chelyabinsk.superjob.ru/vakansii/biolog-46164239.html,КОПТД,45000,0,"Обязанности:
• Проводит клинические и санитарно-гигиенические исследования по своему разделу работы в соответствии с профилем лаборатории с использованием современных технологий, измерительной и аналитической аппаратуры.
• Готовит необходимые реактивы, обрабатывает биологический материал для исследования.
• Осваивает и внедряет новые методы лабораторных исследований, имеющих наибольшую аналитическую и диагностическую достоверность.
• Анализирует результаты проведенных исследований, регистрирует их, ведет необходимую учетно-отчетную документацию.
• Осуществляет внутрилабораторный и внешний контроль качества исследований.
Требования:
• Высшее образование - специалитет или магистратура по одной из специальностей: ""Биология"", ""Физиология"", ""Биохимия"", ""Биофизика"", ""Генетика"", ""Микробиология"" Химик-эксперт медицинской организации: высшее образование - специалитет или магистратура по одной из специальностей: ""Биология"", ""Химия"", ""Фармация"" Удостоверение о повышении квалификации для биологов и (или) свидетельство об аккредитации специалиста 
• Прохождение обязательных предварительных (при поступлении на работу) и периодических медицинских осмотров (обследований), а также внеочередных медицинских осмотров (обследований) в порядке, установленном законодательством Российской Федерации 
• Отсутствие ограничений на занятие профессиональной деятельностью, установленных законодательством Российской Федерации
• занятость 1,5 ставки"
Инженер по качеству,https://hh.ru/vacancy/91885402,Амбер Пермалко,43000,0,"Высшее образование (пищевое технологическое, химия/<highlighttext>биология</highlighttext>/фарм/медицина). Опыт работы (желательно). Ответственность, исполнительность, внимательность, умение работать с большим объемом информации."
Эксперт по производству биологических экспертиз,https://hh.ru/vacancy/91486323,ЭКЦ ГУ МВД России по Свердловской области,40000,50000,"...направлениям: <highlighttext>биология</highlighttext>, медицина, ветеринарное дело, химия и иное высшее образование, связанное с прохождением курса <highlighttext>биологии</highlighttext>. -обладание знаниями в области <highlighttext>биологии</highlighttext>..."
Специалист по уходу за морскими животными/Кипер,https://hh.ru/vacancy/91598838,Акватория,40000,0,"Желательно спортивная подготовка, умение плавать ОБЯЗАТЕЛЬНО! Готовность к физическим и эмоциональным нагрузкам, стрессоустойчивость. Готовность к ненормированному рабочему дню. "
Биолог,https://hh.ru/vacancy/92195135,MedmaGroup,40000,40000,"Высшее образование по направлению ""<highlighttext>Биология</highlighttext>"", ""Биотехнология"", ""Генетика"" , ""Микробиологий"" уровень магистратура (либо завершение обучения в магистратуре). Опыт работы в медицине приветствуется."
"Инженер-эколог, эколог, геоэколог, биолог, географ",https://hh.ru/vacancy/91562036,ИнжЭкоПроект,40000,0,"Образование – высшее соответствующее профилю (включая ""Географ"", ""<highlighttext>Биолог</highlighttext>""). Опыт работы приветствуется. Знание нормативной документации в области экологии, охраны окружающей среды приветствуется. "
Эколог,https://hh.ru/vacancy/91733257,ТомскНИПИнефть,40000,0,"Высшее образование в области охраны окружающей среды и рационального природопользования, <highlighttext>биологии</highlighttext>, химии, геологии, экологии, геоэкологии. Опыт работы приветствуется."
Биолог (в лабораторию санитарно-химических и токсикологических исследований),https://tula.superjob.ru/vakansii/biolog-48378949.html,ФБУЗ Центр гигиены и эпидемиологии в Тульской области,40000,0,"Обязанности: 
Выполнение исследований проб непищевой продукции в соответствии с основополагающими документами (работа с лабораторными животными) и альтернативными методами, проводить контроль качества испытаний и менеджмент качества в лаборатории, осуществлять освоение и внедрение новых методик, новой техники.
Проводить испытания контрольных образов от провайдеров, в период аккредитации и инспекционного контроля.
Принимать участие в разработке и подготовке форм учетно-отчетной документации лаборатории.
Квалифицированно и своевременно исполнять нормативно-правовые акты по своей профессиональной деятельности.
Выдавать результаты испытаний на электронном носителе в виде утвержденных форм.
Требования
Высшее образование - специалитет по специальности ""Фармация"", высшее образование по одному из направлений подготовки: ""Биология"", ""Биотехнология"", или высшее образование по направлению подготовки ""Биология"" (уровень магистратуры) и одной из образовательных программ (профилей, направлений): ""Биотехнология"", ""Биофизика"", ""Биохимия"", ""Генетика"", ""Микробиология"", ""Молекулярная биология"", ""Физиология"""
Учитель биологии,https://lobnya.superjob.ru/vakansii/uchitel-biologii-48449722.html,"МОУ ""КАТУАРОВСКАЯ СРЕДНЯЯ ОБЩЕОБРАЗОВАТЕЛЬНАЯ ШКОЛА""",40000,70000,"Обязанности:
• Преподавание биологии в 5-11 классах, подготовка к ОГЭ и ЕГЭ, олимпиадам, руководство проектной деятельностью."
Учитель биологии,https://dolgoprudniy.superjob.ru/vakansii/uchitel-biologii-48449723.html,"МОУ ""КАТУАРОВСКАЯ СРЕДНЯЯ ОБЩЕОБРАЗОВАТЕЛЬНАЯ ШКОЛА""",40000,70000,"Обязанности:
• Преподавание биологии в 5-11 классах, подготовка к ОГЭ и ЕГЭ, олимпиадам, руководство проектной деятельностью."
Учитель биологии,https://dmitrov.superjob.ru/vakansii/uchitel-biologii-48449724.html,"МОУ ""КАТУАРОВСКАЯ СРЕДНЯЯ ОБЩЕОБРАЗОВАТЕЛЬНАЯ ШКОЛА""",40000,70000,"Обязанности:
• Преподавание биологии в 5-11 классах, подготовка к ОГЭ и ЕГЭ, олимпиадам, руководство проектной деятельностью."
Учитель биологии,https://iksha.superjob.ru/vakansii/uchitel-biologii-48449725.html,"МОУ ""КАТУАРОВСКАЯ СРЕДНЯЯ ОБЩЕОБРАЗОВАТЕЛЬНАЯ ШКОЛА""",40000,70000,"Обязанности:
• Преподавание биологии в 5-11 классах, подготовка к ОГЭ и ЕГЭ, олимпиадам, руководство проектной деятельностью."
Учитель биологии,https://spb.superjob.ru/vakansii/uchitel-biologii-31203109.html,ГБОУ СОШ №206 Центрального района СПб,40000,60000,"Обязанности:

• Проведение уроков биологии в соответствии с ФГОС СОО и ООО, в том числе с использованием эксперимента (практических работ)
• Внеурочная деятельность в 5-11 классах
• Участие в проектной деятельности
• Классное руководство
• Ведение документации в электронном и печатном виде
Требования:

• Знание методики преподавания предмета
• Владение ИКТ
• Умение работать с электронным дневником
• Наличие действующей мед. книжки
• Сертификат о прививке от COVID-19
Условия:
• пятидневка
• полный рабочий день
• испытательный срок 3 месяца
• на территории работодателя"
Помощник эксперта,https://hh.ru/vacancy/92119294,Medical Genomics,38000,40000,Образование высшее по специальности «<highlighttext>Биология</highlighttext>». Знание английского языка для работы со специальной литературой и программным обеспечением. Грамотная устная и письменная...
Администратор,https://hh.ru/vacancy/91927710,Клиника Биология,36000,0,"Любите много общаться. Сохраняете тепло в голосе и глазах, даже если устали. Находите индивидуальный подход к каждому клиенту, выявляете потребности..."
Государственный инспектор отдела государственного ветеринарного надзора,https://hh.ru/vacancy/92257349,Управление Россельхознадзора по Владимирской области,35000,45000,"Наличие высшего образования. Преимущественное направление «Ветеринария», «Микробиология», «Биохимия», «Ветсанэкспертиза», «<highlighttext>Биология</highlighttext>», «Юриспруденция», «Таможенное дело», «Фармацевтическая деятельность». Знание ПК. Навыки работы с..."
Ассистент-стажер,https://hh.ru/vacancy/92059578,KOROLKOVA Cosmetics,35000,35000,"Личные качества: ответственность, высокий уровень самоорганизации, умение работать в режиме многозадачности. Строгое соблюдение конфиденциальности. Грамотная устная и письменная речь."
Кассир в Центр Дельфиния,https://hh.ru/vacancy/91931983,Акватория,30000,36000,"Опыт на аналогичной должности желательно ( возможно без опыта). Доброжелательность и вежливость, аккуратность и внимательность в работе , умение устанавливать и поддерживать..."
"Инженер по качеству (метролог, химик, биолог)",https://hh.ru/vacancy/91896536,БУ УР Удмуртский ветеринарно-диагностический центр,30000,40000,"Высшее образование в области естественных наук: <highlighttext>биология</highlighttext>, химия, в области исследований пищевой продукции. Желателен стаж работы в аккредитованной лаборатории."
Учитель химии и биологии,https://ekaterinburg.superjob.ru/vakansii/uchitel-himii-i-biologii-29899876.html,МКОУ СОШ с. Кленовское,30000,0,"Обязанности:

Преподавание химии, биологии в основной и средней школе.

Возможно классное руководство .

Требования:

Опыт работы учителем химии и биологии в средней школе,
пользователь ПК.

Условия:

Проживание в селе."
"Генетик, биолог",https://spb.superjob.ru/vakansii/genetik-46915027.html,"Филиал ФБУ ""Рослесозащита"" - ""Центр защиты леса Ленинградской области""",30000,0,"Обязанности:
• Разрабатывать проекты технических заданий, методических и рабочих программ, осуществлять руководство при проведении научно-исследовательских, проектно-изыскательских и других работ в области лесной генетики.
• Контролировать выполнение предусмотренных планом заданий, договорных обязательств, а также качество работ, выполненных сотрудниками отдела и исполнителями.
• Обеспечивать соблюдение нормативных требований, комплектность и качественное оформление отчетных материалов и проектов выходных документов, соблюдать установленный порядок их согласования.
• Руководить составлением итоговых отчетов по темам и отдельным этапам работ, выполненных Отделом, подготовкой аннотаций и заключений по законченным работам и оформлением документации по окончании работ по внедрению в лесное хозяйство результатов исследований и разработок, авторских заявок на изобретение.
• Разрабатывать проекты технических заданий, методических и рабочих программ, осуществлять руководство при проведении научно-исследовательских, проектно-изыскательских и других работ в области лесной генетики
Требования:
• Высшее образование (биология, генетика, биохимия)
Условия:
• Постоянная
• Оформление в соответствии с ТК РФ
• График работы 5/2 с 9.00 до 18.00, в пятницу – до 16.45,
• перерыв на обед с 12.30 до 13.15
• Ненормированный рабочий день
• Отпуск - 42 календарных дня
• Благоустроенный офис
• Стабильная выплата заработной платы, оплата отпусков,
• больничных листов
• Соблюдение коллективного договора
• Дружный коллектив
• Возможность профессионального развития и повышения квалификации"
Учитель химии и биологии,https://domodedovo.superjob.ru/vakansii/uchitel-himii-i-biologii-48117475.html,Кашкина Наталья Валерьевна,30000,0,"Обязанности:
• Осуществляет обучение и воспитание обучающихся с учетом специфики преподаваемого предмета, проводит уроки и другие занятия в соответствии с расписанием в указанных помещениях.
• Составляет тематический план работы по предмету в каждом классе на учебную четверть и рабочий план на каждый урок.
• В своей работе по предмету использует разнообразные приемы, методы и средства обучения.
• Реализует образовательные программы.
• Проводит с учащимися установленное учебным планом количество контрольных и практических работ, а также необходимые учебные экскурсии.
Требования:
• Профильное высшее образование по биологии и химии. 
• Результативный опыт работ.
• Профессионализм, увлеченность и оптимизм, активность и инициативность, умение работать в команде.
• Нацеленность на достижение высоких результатов у учеников.
Условия:
• Действующее расписание вторник 5 уроков и четверг 4 урока, возможно другое расписание.
• Уроки у 5,6,8 классов ( в этом году 7 класс не набран)
• з/п от 30 000 р. при увеличении часов, оплата пересматривается.
• питание."
Учитель биологии,https://spb.superjob.ru/vakansii/uchitel-biologii-48494737.html,ГБОУ СОШ 564,30000,60000,"Обязанности:
• Преподавание учебных дисциплин (биология, химия (по желанию)), организация учебной деятельности обучающихся по освоению учебных дисциплин; педагогический контроль и оценка освоения образовательной программы в процессе промежуточной и итоговой аттестации; разработка программно-методического обеспечения учебных дисциплин.
• классное руководство (по желанию).
• проведение занятий внеурочной деятельности по развитию естественно-научной грамотности и по иным направлениям.
Требования:
• Педагогическое образование
• Доброжелательность, пунктуальность, готовность к саморазвитию
• Готовность к активной работе
• Курсы повышения квалификации по программе ""Обновленный ФГОС""
• Курсы по оказанию первой помощи
Условия:
• собственный кабинет, оборудованный необходимой техникой
• Вновь образованный коллектив (школа будет открыта к 1 сентября 2024 года)"
Учитель Химии и Биологии (репетитор),https://novokuznetsk.superjob.ru/vakansii/uchitel-himii-i-biologii-47540048.html,"ОЦ ""Академия Роста""",25000,50000,"Репетиторский центр ""Академия Роста"" приглашает к сотрудничеству педагогов по школьным предметам. Так как наш центр предоставляет услуги по подготовке детей по всем предметам с 1 по 11 класс. Уже более 8 лет.
Химия и Биология является востребованным направлением. Мы, с удовольствием, готовы сделать достойное предложение о сотрудничестве хорошему кандидату.
Обязанности:
• Качественное проведение занятий со школьниками, индивидуально и в группах до 6 человек в формате Офлайн;
• Консультация родителей;
• Подготовка к экзаменам ОГЭ и ЕГЭ;
• Помощь в выполнении домашних работ ученику;
• Проведение тематических занятий (по праздникам и на усмотрение педагога).
Требования:
• Высшее педагогическое образование (студентов старших курсов тоже рассмотрим).
• Коммуникабельность, грамотная устная и письменная речь;
• Умение правильно вести себя в нестандартных ситуациях;
• Знание возрастной психологии приветствуется;
• Соблюдение стандартов качества компании.
Условия:
• Есть варианты: Полная занятость или Почасовая подработка
• График индивидуальный (от 2 до 6 дней в неделю на ваш выбор);
• Комфортный учебный класс и современное оснащение;
• Проводим занятия в каникулы и летом (Июль отпуск);
• Минимальная отчётность, современный личный кабинет учителя в СРМ;
• Поддержка методиста и материалами;
• Оклад+%от уроков (+СоцПакет, если полная занятость).
• Бонусы от работы в Академия Роста
• Участие в оплате вашего обучения.
• Оптовые цена на закупку канцелярии.
• Корпоративные скидки на услуги компании.
Формат сотрудничества:
• На постоянной основе, трудоустройство, сотрудничество по договору с Самозанятый.
• Формат подработки, совмещения, подробно обсуждается на собеседовании.
• Заработная плата сдельная (если почасовик) (к примеру, график 5/2 4-5 урока в день в месяц будет выходить примерно 32 000 руб.);
• Мы рассматриваем как опытных, так и начинающих преподавателей и, в том числе, студентов старших курсов. Проводим обучение и оказываем методическую помощь.
Если у Вас есть любовь к преподаванию и желание работать в нашей команде - отправляйте резюме или звоните по телефону в объявлении"
Биолог выходного дня (уход за растениями),https://hh.ru/vacancy/92251961,FRESH,10000,35000,"Профильное образование приветствуется. - Хорошее знание горшечных растений . - Знание препаратов, для борьбы с вредителями, технологии полива и обработки растений. - "
Биолог (флорист) ч/з самозанятость,https://hh.ru/vacancy/91535473,Maximov Group,10000,12000,Рассматривается только специалист с опытом по уходу за растениями (флорист или <highlighttext>биолог</highlighttext>).
Кипер (рабочий по уходу за животными),https://hh.ru/vacancy/91484022,ГАУ Московский зоопарк,0,50000,"Желателен опыт работы с животными. Приветствуется профильное образование (зоотехния, <highlighttext>биология</highlighttext>)."
Помощник методиста (удалённо),https://hh.ru/vacancy/91446274,Мобиус Класс,0,40000,Студенты профильных ВУЗов или опыт работы в области образования. Структурное мышление. Умение работать по заданному шаблону. Наличие представления о структуре...
Фармацевт/провизор в офис фармацевтического склада,https://hh.ru/vacancy/92264261,ФармаПро,0,0,"Наличие действующего сертификата специалиста. Рассматриваем так же специалистов из смежных специальностей (химия, <highlighttext>биология</highlighttext>, ветеринария, медицина и.т.д.) обучим за..."
Биолог - научный сотрудник,https://hh.ru/vacancy/92095815,ФБУН ТНИИКИП Роспотребнадзора,0,0,
Regulatory Compliance & Certification Supervisor,https://hh.ru/vacancy/92127084,Johnson & Johnson Consumer Health,0,0,"Higher professional education in pharmaceutical, medical, chemical , <highlighttext>biological</highlighttext> or education in a related field. Relevant experience (not less than 3..."
Менеджер по экспорту (Китай),https://hh.ru/vacancy/92173086,Биолоджик,0,200000,"Знание китайского языка (разговор, письмо). Опыт работы в закупе от 1 года (желательно в FMCG компаниях)."
Уборщица/Уборщик,https://hh.ru/vacancy/92142273,Клиника Биология,0,50000,"Ищем добросовестного и ответственного человека, умеющего качественно проводить уборку и выполнять поручения руководителя."
Лаборант-стажер / Химик / Биолог (Сколково),https://hh.ru/vacancy/92213608,АПТОС ГРУПП,0,0,"Образование медицинское, биологическое, химическое или биотехнологическое. Опыт работы в лаборатории желательно. Уверенное знание ПК. Умение работать в коллективе, ответственность, аккуратность..."
Руководитель / Управляющий охотохозяйства / Биолог-охотовед / Охотовед,https://hh.ru/vacancy/91917877,ТК Торгзнаксервис,0,100000,"Готовность к физической работе и ненормированному рабочему дню. Коммуникабельность, ответственность, аккуратность в ведении документации, наличие водительского удостоверения, охотничьего оружия, охотничий..."
Менеджер административного отдела (Руководитель секретариата),https://hh.ru/vacancy/91986240,Биолоджик,0,75000,"Релевантный опыт работы от 1 года в должности старшего менеджера/руководителя в административной сфере. Высокий уровень самоорганизации. Внимательность, ответственность, дружелюбие..."
Редактор текстов в издательство,https://hh.ru/vacancy/91667720,Альпина Паблишер,0,0,Опыт работы редактором книг не менее 3 лет (обязательное условие). Отличное знание иностранного (не ниже B2) и русского языка...
Научный журналист (молекулярная биология),https://hh.ru/vacancy/92272696,МедБизнесКонсалтинг,0,0,Высшее образование в сфере молекулярной <highlighttext>биологии</highlighttext>/медицины. Достаточный объем знаний по молекулярной <highlighttext>биологии</highlighttext> и молекулярной медицине. Свободное чтение научной литературы...
Координатор отдела клинических исследований,https://hh.ru/vacancy/92263145,Авексима,0,0,"Высшее образование (медицина, фармацевтика, <highlighttext>биология</highlighttext>). Умение работать с основными офисными программами, электронными таблицами, создавать презентации. Исполнительность, инициативность, аккуратность, точность в..."
Кинолог,https://hh.ru/vacancy/91716157,ErinDogCamp,0,150000,"Более 10 лет занимаемся воспитанием и передержкой собак. - Высшее/среднее профессиональное кинологическое образование (зооинженерия, кинология, зоопсихология, <highlighttext>биология</highlighttext>). - Понимание особенностей поведения..."
"Научный сотрудник в сфере медицинских, биологических, фармацевтических наук",https://hh.ru/vacancy/92032605,ФБУН НИИ СБМ Роспотребнадзора,0,0,"Необходимо наличие одной или нескольких специализаций по биостатистике, биоинформатике, биохимии, мультиомике, эпидемиологии, демографии, анализу данных с опытом работы от 3..."
Финансовый аналитик,https://hh.ru/vacancy/91806740,МедБизнесКонсалтинг,0,0,"Высшее экономическое образование. Знания в области бухгалтерского (план счетов, проводки), управленческого учёта и отчётности. Опыт работы в 1С УПП..."
Специалист по подготовке документации,https://hh.ru/vacancy/92055556,Вортекс,0,0,"Высшее образование в области химии, <highlighttext>биологии</highlighttext>, биотехнологии , экологии, ветеринарии приветствуется. Внимательность, аккуратность при работе с документами. Умение грамотно составлять официальные..."
Государственный инспектор министерства природных ресурсов и экологии Тульской области,https://hh.ru/vacancy/92152628,Правительство Тульской области,0,0,"Высшее образование предпочтительно специальности: охотовед, <highlighttext>биолог</highlighttext>, зоолог, юрист. Умение ориентироваться на местности. Умение пользоваться картами местности. Навыки расчета норм допустимой..."
Помощник эмбриолога,https://hh.ru/vacancy/91937046,Группа Компаний «Центр ЭКО»,0,0,"Высшее профессиональное образование по специальности <highlighttext>Биология</highlighttext>, Микробиология, Биохимия. Огромное желание обучаться у профессионалов."
Менеджер по продукту,https://hh.ru/vacancy/91295977,ДНК-Технология,0,0,"Высшее образование (медицина, <highlighttext>биология</highlighttext>, физика, фармакология). Релевантный опыт работы от 2-х лет. Понимание принципа ПЦР. Английский язык от В..."
Специалист отдела доклинических исследований,https://hh.ru/vacancy/92269658,ФГБУ ВГНКИ,0,0,"Среднее специальное, высшее образование (ветеринария, <highlighttext>биология</highlighttext>). ⁪желание и умение работать с сельскохозяйственными и лабораторными животными. Опытный пользователь ПК."
Библиотекарь,https://hh.ru/vacancy/92138182,ОАНО Первый университетский лицей имени Н.И. Лобачевского,0,0,"Профильное высшее образование (в сфере библиотечного дела). Предыдущий опыт работы в Библиотеке, желателен опыт работы в образовательной организации, связанный с..."
Специалист обеспечения качества,https://hh.ru/vacancy/90589744,Научно-Технологический Университет «Сириус»,0,120000,"Высшее образование в области <highlighttext>биологии</highlighttext>, биотехнологии, химии, фармацевтической технологии или в смежной области. Опыт работы от 1 года в ООК..."
Клинический биоинформатик / Клинический интерпретатор с упором на онкогенетику,https://hh.ru/vacancy/91956891,Центр Генетики и Репродуктивной Медицины ГЕНЕТИКО,0,0,"Законченное высшее образование (медицинское или биологическое). Глубокие знания в области молекулярной <highlighttext>биологии</highlighttext>, генетики и геномики обязательны. Знание основ медицинской генетики..."
Помощник эмбриолога,https://hh.ru/vacancy/91935353,Группа Компаний «Центр ЭКО»,0,0,"Высшее профессиональное образование по специальности <highlighttext>Биология</highlighttext>, Микробиология, Биохимия. Огромное желание обучаться у профессионалов."
Старший лаборант (Лаборатория экспериментальной биологии),https://hh.ru/vacancy/92035578,"БИОКАД, биотехнологическая компания",0,0,"Среднее специальное / неполное высшее /высшее образование (биологическое, ветеринарное, зоотехническое). Желателен опыт работы с лабораторными животными, опыт работы в биологической лаборатории. "
Биолог КДЛ,https://hh.ru/vacancy/92207605,Сеть клиник ТочноКлиник,0,0,"Образование высшее биологическое. Наличие послевузовской подготовки или специализации по специальности ""Клиническая лабораторная диагностика"". Наличие сертификата/свидетельства об аккредитации по специальности..."
Микробиолог,https://hh.ru/vacancy/91935165,Грелин,0,0,"Высшее, незаконченное высшее или среднее профильное образование (химия, биохимия, <highlighttext>биология</highlighttext>). Рассмотрим также студентов выпускных курсов, выпускников. Внимательность. Желание учиться и..."
Аналитик,https://hh.ru/vacancy/91495984,Биолоджик,0,180000,"Опыт работы в аналитике от 1 года ( желательно в FMCG компаниях). Знание Excel на продвинутом уровне. Опыт построения дашбордов, сводной..."
Менеджер по развитию бизнеса,https://hh.ru/vacancy/91789165,Грейн Ингредиент,0,200000,"...минимальном руководстве, быть проактивным и справляться с неопределенностью. Иметь знания или опыт работы в области химии, <highlighttext>биологии</highlighttext>, фудтеха или нутрициологии."
Комьюнити-редактор (куратор чатов),https://hh.ru/vacancy/91218893,Образовательный проект Level One,0,0,"Умели генерить и обосновывать свои идеи, тестировать и анализировать эффективность. При этом были готовы погрузиться в контекст курса и креативить..."
Инженер-исследователь,https://hh.ru/vacancy/92165563,ФБУН Новосибирский НИИ гигиены Роспотребнадзора,0,0,"Высшее или среднее профессиональное образование (желательно: Химия, Микробиология, Медицина, <highlighttext>Биология</highlighttext>, Ветеринария, Пищевое производство). Опыт работы не менее года по данному..."
Эмбриолог,https://hh.ru/vacancy/91925553,"Академия VIP, медицинский центр",0,0,"Наличие профильного образования ""<highlighttext>Биолог</highlighttext>"", специализация - <highlighttext>биология</highlighttext> либо биохимия. Опыт работы в эмбриоблоке - ОБЯЗАТЕЛЕН! Повышение квалификации на цикле ""ВРТ"". "
Молекулярный биолог/врач лабораторный генетик,https://hh.ru/vacancy/92097923,Клиника новых медицинских технологий АрхиМед,0,0,Опыт работы в ПЦР-диагностике от 3 лет. Опыт работы в области пробоподготовки для NGS желателен. Свободное чтение научной литературы...
Менеджер по закупкам,https://hh.ru/vacancy/86543112,МедБизнесКонсалтинг,0,0,Высшее образование. Опыт работы в закупках от 1 года. Желателен опыт работы в фармацевтических/медицинских производственных компаниях. Навыки проведения переговоров. 
Техник-рыбовод (Остров отдыха),https://hh.ru/vacancy/88340845,Руслов,0,85000,"Рассмотрим без опыта работы. Образование среднее-специальное, высшее (ихтиолог/<highlighttext>биолог</highlighttext>/зоотехник). Ответственное отношение к работе. Внимательность."
Микробиолог,https://hh.ru/vacancy/92026078,МАКИЗ-ФАРМА,0,0,"Образование высшее по специальности микробиолог, <highlighttext>биолог</highlighttext>, врач-бактериолог. Опыт работы с лекарственными препаратами."
Научный сотрудник,https://hh.ru/vacancy/91735438,Артген Биотех,0,0,"Образование - магистр/бакалавр (<highlighttext>биология</highlighttext>, химия, с фокусом на онкологию). Опыт работы в лаборатории. Владение методами молекулярной <highlighttext>биологии</highlighttext>, генной инженерии. "
Помощник эмбриолога,https://hh.ru/vacancy/91937687,Группа Компаний «Центр ЭКО»,0,0,"Высшее профессиональное образование по специальности <highlighttext>Биология</highlighttext>, Микробиология, Биохимия. Огромное желание обучаться у профессионалов."
Помощник эмбриолога,https://hh.ru/vacancy/91935290,Группа Компаний «Центр ЭКО»,0,0,"Высшее профессиональное образование по специальности <highlighttext>Биология</highlighttext>, Микробиология, Биохимия. Огромное желание обучаться у профессионалов."
Генный инженер/биотехнолог,https://hh.ru/vacancy/92057367,ФБУН НИИ СБМ Роспотребнадзора,0,0,"Анализ научной и патентной литературы. Сборка генетических конструкций, скрининг клонов, исправление ошибок. Подбор условий экспрессии, разработка выделения и очистки целевых..."
Биолог\Микробиолог,https://hh.ru/vacancy/91918079,Центральный банк Российской Федерации,0,0,"Высшее образование - специалитет или магистратура по одной из специальностей: ""<highlighttext>Биология</highlighttext>"". ""Физиология"", ""Биохимия"", ""Биофизика"", ""Генетика"", ""Микробиология"". Удостоверение о повышении квалификации ""Бактериология""."
Application Specialist,https://hh.ru/vacancy/91991677,Квадрос-Био,0,0,"Высшее образование (биологическое, медицинское, биохимическое, биотехнологическое, химическое). Знания принципов работы научных лабораторий. Знания по методам лабораторной диагностики (ПЦР, электрофорез, секвенировние). "
Биолог-флорист/агроном,https://hh.ru/vacancy/92234953,Green Formula,0,0,Опыт ухода за комнатными/офисными растениями. Предварительное согласование допуска.
Учитель биологии и химии (домашнее обучение),https://spb.superjob.ru/vakansii/uchitel-biologii-i-himii-29011231.html,ГБОУ ШКОЛА № 94,0,0,"Обязанности:


Преподавание биологии и химии в 5-11 классах
 Осуществление профессиональной деятельности в соответствии с требованиями федеральных государственных образовательных стандартов.
Планирование и проведение учебных занятий.
Систематический анализ эффективности учебных занятий и подходов к обучению.
Организация, осуществление контроля и оценки учебных достижений, текущих, и итоговых результатов освоения основной образовательной программы обучающимися 

Требования:


Высшее образование по направлениям подготовки ""Образование и педагогика"" или в области, соответствующей преподаваемому предмету (с последующей профессиональной переподготовкой по профилю педагогической деятельности)



Условия:


Полный рабочий день, пятидневная рабочая неделя
Возможно трудоустройство по совместительству"
Учитель химии и биологии,https://kudrovo.superjob.ru/vakansii/uchitel-himii-i-biologii-44466370.html,МОБУ СОШ Кудровский ЦО № 1,0,0,"Обязанности:
• преподавание биологии;
• заполнение журнала;
• подготовка материалов к занятию;
Требования:
• высшее образование
• наличие справки о несудимости
• медицинская книжка"
Учитель биологии,https://spb.superjob.ru/vakansii/uchitel-biologii-48330565.html,ГБОУ СОШ № 591,0,0,"Обязанности:
• Преподавание учебных дисциплин, организация учебной деятельности обучающихся по освоению учебных дисциплин; педагогический контроль и оценка освоения образовательной программы в процессе промежуточной и итоговой аттестации; разработка программно-методического обеспечения учебных дисциплин.
Требования:
• Гражданство РФ
• Обязателен опыт работы в школе учителем биологии
• Высшее педагогическое образование
• Уверенный пользователь ПК
• наличие медицинской книжки и сертификата о прививках
• наличие справки об отсутствии судимости
Условия:
• Оформление по ТК РФ
• Отпуск 56 календарных дней"
Учитель химии и биологии,https://www.superjob.ru/vakansii/uchitel-himii-i-biologii-48344683.html,ГБОУ Школа № 1621 ЦАО города Москвы,0,0,"Обязанности:
• Ведение химии и биологии в старших классах.
• Осуществляет обучение и воспитание обучающихся с учетом специфики преподаваемого предмета, проводит уроки и другие занятия в соответствии с расписанием в указанных помещениях. Составляет тематический план работы по предмету в каждой параллели классов на учебную четверть и рабочий план на каждый урок. В своей работе по предмету использует разнообразные приемы, методы и средства обучения.
• Навык подготовки ученических проектов.
• Проведение лабораторных занятий
• Подготовка к ЕГЭ и ОГЭ
• Организует и проводит учебные экскурсии.
• Имеет высокий уровень управления классом.
Требования:
• Необходимы хорошее знание предметов, умение общаться с разными возрастными категориями детей, наличие I или высшей категории активный пользователь МЭШ, сертификат МЦКО - высокий/экспертный уровень."
Учитель биологии,https://www.superjob.ru/vakansii/uchitel-biologii-48564756.html,Школа № 760 им. А. П. Маресьева,0,0,"Обязанности:
• Преподавание предмета биологии 
Требования:
• наличие диагностики МЦКО не ниже высокого уровня
Условия:
• Нагрузка 30 часов 
• Возможно классное руководство"
Молекулярный биолог,https://www.superjob.ru/vakansii/molekulyarnyj-biolog-48529752.html,ФГБУ Центр стратегического планирования медико-биологических рисков ФМБА РФ,0,0,"Обязанности:
• Дизайн, сборка, наработка в клетках прокариот, анализ генетических конструкций.
• Большим плюсом будет знание основных методов работы с РНК: In vitro транскрипция, синтез модифицированных мРНК, очистка, анализ в агарозном и полиакриламидном геле, Nothern blot анализ.
• Выделение ДНК и РНК из тканей и клеточных культур, получение кДНК, Real time PCR.
• Опыт работы с вирусными частицами (AAV), сборка, очистка вирусных препаратов.
• Работа с клеточными культурами, пересев, трансфекция (липофектамин, электропорация), трансдукция вирусных частиц.
• Приготовление растворов и питательных сред, учёт расходных материалов и реактивов.
• Ведение лабораторных журналов, подготовка отчетов по результатам экспериментов, участие в написании СОП, протоколов и другой лабораторной документации.
Требования:
• Оконченное высшее образование (молекулярная биология, генетика).
• Уверенное знание основ молекулярной биологии, умение работать в асептических условиях.
• Наличие практического опыта работы в лаборатории (2 года и более), желание и готовность вникать в новые научные проекты, осваивать новые методики.
• Продвинутые практические навыки в генной инженерии, знание основных подходов клонирования и получения генетических конструкций, владение специализированным ПО (SnapGene, VectorNTI).
• Владение английским на уровне чтения и понимания научной литературы.
• Способность к самостоятельному ведению экспериментов, аккуратность, внимательность, проактивность. 
Условия:
• Стабильная организация, которой не страшен кризис.
• Достойный уровень з/п, обсуждается индивидуально в зависимости от навыков.
• Пятидневный режим рабочего времени.
• Прикрепление к ведомственной поликлинике ФМБА.
• Инновационная наука, проекты, имеющие прикладное значение, ориентированные на борьбу с самыми сложными болезнями.
• Возможность публиковать результаты исследований, использовать для кандидатских и докторских диссертаций.
• Возможно обучение (на рабочем месте или на курсах повышения квалификации) в процессе."
